phase,sample_index,position_read_ns,position_rad,velocity_read_ns,velocity_rad_s,current_A
before,0,11877477469835,5.240920066833496,11877481054456,-0.003369368612766266,0.0
before,1,11877497707250,5.240920066833496,11877501448196,-0.03701175004243851,0.0
before,2,11877517695091,5.240969181060791,11877521335169,-0.01122372504323721,0.0
before,3,11877537495885,5.240920066833496,11877541193117,-0.0674206018447876,0.0
before,4,11877557434892,5.24082088470459,11877560981079,-0.003154114820063114,0.0
before,5,11877577498670,5.240869998931885,11877581068026,0.022838354110717773,0.0
before,6,11877597542736,5.240869998931885,11877601111740,0.04304712265729904,0.0
before,7,11877617435501,5.240722179412842,11877621017754,0.04360964149236679,0.0
before,8,11877637518960,5.240869998931885,11877641081340,0.02688833326101303,0.0
before,9,11877657448686,5.240771293640137,11877660988986,-0.0031568752601742744,0.0
before,10,11877677485648,5.240920066833496,11877681054812,0.10478987544775009,0.0
before,11,11877697390733,5.240920066833496,11877700989307,0.0454980842769146,0.0
before,12,11877717457168,5.241018772125244,11877721031740,-0.08877886831760406,0.0
before,13,11877737529586,5.240869998931885,11877741115295,0.04826202988624573,0.0
before,14,11877757678743,5.240969181060791,11877761188162,-0.037930380553007126,0.0
before,15,11877777550676,5.240869998931885,11877781083839,-0.0007126852869987488,0.0
before,16,11877797408112,5.240771293640137,11877801046591,-0.013445818796753883,0.0
before,17,11877817488691,5.24082088470459,11877821046111,0.04532897472381592,0.0
before,18,11877837375024,5.240771293640137,11877840953149,-0.005469275638461113,0.0
before,19,11877857454099,5.241068363189697,11877861012479,0.04415629059076309,0.0
before,20,11877877516693,5.240771293640137,11877881082914,0.016751054674386978,0.0
before,21,11877897431891,5.240920066833496,11877900989663,-0.01094207912683487,0.0
before,22,11877917490837,5.240771293640137,11877921076386,-0.021191705018281937,0.0
before,23,11877937392723,5.24082088470459,11877940951583,0.03804849833250046,0.0
before,24,11877957463765,5.240969181060791,11877961029250,0.014149624854326248,0.0
before,25,11877977538200,5.24082088470459,11877981100932,0.04729270935058594,0.0
before,26,11877997431445,5.240771293640137,11878000993889,-0.0020004305988550186,0.0
before,27,11878017493367,5.240969181060791,11878021072196,-0.007293321192264557,0.0
before,28,11878037397749,5.24082088470459,11878040987938,0.07870909571647644,0.0
before,29,11878057835523,5.2406721115112305,11878061383791,-0.027202405035495758,0.0
before,30,11878077394838,5.240969181060791,11878080939554,0.020004969090223312,0.0
before,31,11878097699999,5.240771293640137,11878101381807,0.0026996603701263666,0.0
before,32,11878117536123,5.24082088470459,11878121086279,-0.037093907594680786,0.0
before,33,11878137412536,5.240920066833496,11878140986500,0.07635766267776489,0.0
before,34,11878157501435,5.2406721115112305,11878161086248,-0.04592638835310936,0.0
before,35,11878177562525,5.240969181060791,11878181131786,0.03732641041278839,0.0
before,36,11878197464443,5.240771293640137,11878201037863,0.01728973537683487,0.0
before,37,11878217363032,5.240869998931885,11878220935077,0.0040513696148991585,0.0
before,38,11878237462843,5.240969181060791,11878241005575,0.003177362959831953,0.0
before,39,11878257528446,5.240969181060791,11878261281584,0.026993002742528915,0.0
before,40,11878277418203,5.241018772125244,11878280986247,-0.047637470066547394,0.0
before,41,11878297526815,5.240869998931885,11878301065706,-0.08126124739646912,0.0
before,42,11878317578305,5.240869998931885,11878321129581,-0.08209747821092606,0.0
before,43,11878337467966,5.240869998931885,11878341032810,0.03572487831115723,0.0
before,44,11878357394908,5.240771293640137,11878360945416,-0.0017475215718150139,0.0
before,45,11878377435806,5.2406721115112305,11878381035179,0.0005125916213728487,0.0
before,46,11878397506048,5.240920066833496,11878401080973,-0.019180871546268463,0.0
before,47,11878417412030,5.240920066833496,11878420983626,-0.018980983644723892,0.0
before,48,11878437482816,5.240869998931885,11878441054573,-0.002845608629286289,0.0
before,49,11878457560515,5.240869998931885,11878461121360,0.013550912961363792,0.0
before,50,11878477457057,5.240771293640137,11878481192786,-0.08310965448617935,0.0
before,51,11878497533411,5.240722179412842,11878501286229,-0.03887570649385452,0.0
before,52,11878517450721,5.240771293640137,11878521027694,-0.015592588111758232,0.0
before,53,11878537516836,5.240771293640137,11878541090544,0.024978697299957275,0.0
before,54,11878557415649,5.24082088470459,11878560998830,-0.1189849004149437,0.0
before,55,11878577516549,5.240969181060791,11878581044816,0.01059400849044323,0.0
before,56,11878597560230,5.240920066833496,11878601125427,0.04459632933139801,0.0
before,57,11878617481668,5.24082088470459,11878621054289,0.022983597591519356,0.0
before,58,11878637552295,5.240869998931885,11878641107475,0.03770561143755913,0.0
before,59,11878657425828,5.240969181060791,11878661013489,0.04773634672164917,0.0
before,60,11878677501350,5.240869998931885,11878681069811,0.0012851821957156062,0.0
before,61,11878697609002,5.240722179412842,11878701153750,-0.07645607739686966,0.0
before,62,11878717485223,5.240771293640137,11878721058835,-0.010972095653414726,0.0
before,63,11878737569930,5.240969181060791,11878741125334,-0.13627873361110687,0.0
before,64,11878757465511,5.240869998931885,11878761030003,-0.008108114823698997,0.0
before,65,11878777672334,5.240969181060791,11878781276763,0.043237436562776566,0.0
before,66,11878797664782,5.240722179412842,11878801484418,-0.020427167415618896,0.0
before,67,11878817553419,5.240969181060791,11878821109815,-0.07487025111913681,0.0
before,68,11878837437608,5.241018772125244,11878841032213,-0.002482592361047864,0.0
before,69,11878857503530,5.24082088470459,11878861077623,-0.02423022873699665,0.0
before,70,11878877598094,5.240969181060791,11878881155610,0.042732201516628265,0.0
before,71,11878897671696,5.240771293640137,11878901410306,-0.00295109860599041,0.0
before,72,11878917583630,5.24082088470459,11878921318752,0.026479942724108696,0.0
before,73,11878937648785,5.240920066833496,11878941385762,0.042703621089458466,0.0
before,74,11878957719091,5.24082088470459,11878961490662,0.08059215545654297,0.0
before,75,11878977641329,5.240771293640137,11878981362242,0.03308436647057533,0.0
before,76,11878997738805,5.240869998931885,11879001438885,0.014315281994640827,0.0
before,77,11879017796215,5.240869998931885,11879021468903,0.030420202761888504,0.0
before,78,11879037708213,5.240920066833496,11879041232608,0.0776502937078476,0.0
before,79,11879057729366,5.240869998931885,11879061286242,-0.08545057475566864,0.0
before,80,11879077650804,5.240869998931885,11879081205408,-0.05780941620469093,0.0
before,81,11879097498704,5.240969181060791,11879101063452,0.03321612626314163,0.0
before,82,11879117580338,5.240969181060791,11879121157439,0.005293315276503563,0.0
before,83,11879137484944,5.240969181060791,11879141040540,0.025555986911058426,0.0
before,84,11879157589364,5.240771293640137,11879161100862,-0.013898424804210663,0.0
before,85,11879177546707,5.240920066833496,11879181194434,-0.0022000018507242203,0.0
before,86,11879197516946,5.240920066833496,11879201114816,0.04905622825026512,0.0
before,87,11879217435568,5.24082088470459,11879221089759,0.025203432887792587,0.0
before,88,11879237478514,5.240771293640137,11879241060095,-0.02772917039692402,0.0
before,89,11879257372879,5.24082088470459,11879260935804,0.12055858224630356,0.0
before,90,11879277472275,5.240869998931885,11879281031455,0.024881385266780853,0.0
before,91,11879297521685,5.24082088470459,11879301102082,-0.023077858611941338,0.0
before,92,11879317598167,5.241018772125244,11879321150916,-0.06856170296669006,0.0
before,93,11879337719260,5.240869998931885,11879341244039,0.017596691846847534,0.0
before,94,11879357570711,5.240869998931885,11879361134884,0.028439510613679886,0.0
before,95,11879377460565,5.240771293640137,11879381026977,-0.019403791055083275,0.0
before,96,11879397498134,5.240920066833496,11879401072867,-0.00977529026567936,0.0
before,97,11879417404404,5.240869998931885,11879420997441,-0.01726820319890976,0.0
before,98,11879437678557,5.240869998931885,11879441420782,0.019928351044654846,0.0
before,99,11879457607195,5.240920066833496,11879461118246,0.051374245434999466,0.0
before,100,11879477465879,5.240920066833496,11879481052868,-0.034584082663059235,0.0
before,101,11879497536890,5.240969181060791,11879501092070,0.018100975081324577,0.0
before,102,11879517429079,5.240869998931885,11879521040645,0.10719490796327591,0.0
before,103,11879537680991,5.240869998931885,11879541478738,-0.03490568324923515,0.0
before,104,11879557586204,5.240969181060791,11879561355791,-0.0006921971216797829,0.0
before,105,11879577649183,5.240771293640137,11879581386960,0.06911738216876984,0.0
before,106,11879597709889,5.240869998931885,11879601238188,0.0182461217045784,0.0
before,107,11879617806244,5.240869998931885,11879621491669,-0.019590135663747787,0.0
before,108,11879637674145,5.240869998931885,11879641206124,0.07593873143196106,0.0
before,109,11879657771268,5.240722179412842,11879661280623,-0.01886068843305111,0.0
before,110,11879677687778,5.240771293640137,11879681175916,-0.033635225147008896,0.0
before,111,11879697718628,5.240969181060791,11879701370483,-0.04831106960773468,0.0
before,112,11879717602976,5.240969181060791,11879721156589,0.024960709735751152,0.0
before,113,11879737694020,5.240771293640137,11879741216655,-0.03166298195719719,0.0
before,114,11879757539711,5.240869998931885,11879761115724,0.10292571783065796,0.0
before,115,11879777476670,5.240771293640137,11879781026954,-0.019537195563316345,0.0
before,116,11879797548001,5.240869998931885,11879801216848,0.06592307239770889,0.0
before,117,11879817591138,5.240869998931885,11879821139278,0.0022125744726508856,0.0
before,118,11879837535905,5.240869998931885,11879841040908,-0.026979027315974236,0.0
before,119,11879857553858,5.240920066833496,11879861178384,-0.07684869319200516,0.0
before,120,11879877432991,5.240969181060791,11879881026700,-0.01764361746609211,0.0
before,121,11879897501857,5.240869998931885,11879901062318,0.012796366587281227,0.0
before,122,11879917570692,5.240869998931885,11879921137136,0.04380953684449196,0.0
before,123,11879937458753,5.240771293640137,11879941022093,-0.029069088399410248,0.0
before,124,11879957355582,5.240869998931885,11879960928267,-0.007755551021546125,0.0
before,125,11879977437313,5.24082088470459,11879980998702,-0.03289087116718292,0.0
before,126,11879997596551,5.24082088470459,11880001304023,0.0014183457242324948,0.0
before,127,11880017403585,5.24082088470459,11880020962029,0.08140087127685547,0.0
before,128,11880037469508,5.240869998931885,11880041043120,-0.049380600452423096,0.0
before,129,11880057369025,5.240869998931885,11880060939534,0.045681968331336975,0.0
before,130,11880077470565,5.240771293640137,11880081005072,0.020493758842349052,0.0
before,131,11880097517766,5.240869998931885,11880101082387,0.06552357971668243,0.0
before,132,11880117409540,5.24082088470459,11880120999889,-0.030043264850974083,0.0
before,133,11880137683020,5.24082088470459,11880141423102,0.0005705952644348145,0.0
before,134,11880157390116,5.241018772125244,11880160960400,0.033409301191568375,0.0
before,135,11880177446118,5.240869998931885,11880181012627,-0.06945481151342392,0.0
before,136,11880197541225,5.240869998931885,11880201087029,0.0307491235435009,0.0
before,137,11880217627148,5.24082088470459,11880221162360,-0.04546961933374405,0.0
before,138,11880237501097,5.240969181060791,11880241073942,-0.035479586571455,0.0
before,139,11880257410215,5.2406721115112305,11880260971219,0.01600692979991436,0.0
before,140,11880277477193,5.24082088470459,11880281049494,0.011630570515990257,0.0
before,141,11880297384391,5.240969181060791,11880300957108,-0.03035746142268181,0.0
before,142,11880317686960,5.24082088470459,11880321412962,0.016794003546237946,0.0
before,143,11880337580942,5.24082088470459,11880341138202,-0.05178538337349892,0.0
before,144,11880357439242,5.24082088470459,11880361002326,0.012945559807121754,0.0
before,145,11880377343047,5.240869998931885,11880380903732,0.010966348461806774,0.0
before,146,11880397414570,5.240969181060791,11880400978422,0.03213674575090408,0.0
before,147,11880417490669,5.24082088470459,11880421067226,-0.0640210509300232,0.0
before,148,11880437685043,5.240920066833496,11880441343554,-0.04333309084177017,0.0
before,149,11880457465453,5.240722179412842,11880461054522,0.12572160363197327,0.0
moving,0,11880477731701,5.240969181060791,11880481292930,0.07819471508264542,0.0
moving,1,11880497790456,5.24082088470459,11880501359556,0.01277088187634945,0.0
moving,2,11880517726774,5.240969181060791,11880521255137,-0.03469964861869812,0.0
moving,3,11880537828762,5.240869998931885,11880541333412,0.037220299243927,0.0
moving,4,11880557728663,5.240920066833496,11880561229378,0.07520146667957306,0.0
moving,5,11880577940926,5.24082088470459,11880581708913,0.03187524899840355,0.0
moving,6,11880597850364,5.240771293640137,11880601591822,-0.06316617876291275,0.0
moving,7,11880617933599,5.240771293640137,11880621670224,-0.01952297054231167,0.0
moving,8,11880637998977,5.240869998931885,11880641531245,-0.04922978952527046,0.0
moving,9,11880657955168,5.241018772125244,11880661436298,-0.012886490672826767,0.0
moving,10,11880677770939,5.240969181060791,11880681347944,-0.01753360591828823,0.0
moving,11,11880697727610,5.24082088470459,11880701236261,-0.03174325078725815,0.0
moving,12,11880717771868,5.240969181060791,11880721320104,0.07246964424848557,0.0
moving,13,11880737644025,5.24082088470459,11880741216453,0.017833849415183067,0.0
moving,14,11880757733468,5.240771293640137,11880761291496,-0.0470905639231205,0.0
moving,15,11880777805982,5.240969181060791,11880781361803,0.012226949445903301,0.0
moving,16,11880797728348,5.240869998931885,11880801290185,-0.057972393929958344,0.0
moving,17,11880817768254,5.240920066833496,11880821355915,0.004593372344970703,0.0
moving,18,11880837736414,5.241018772125244,11880841236232,0.04307287931442261,0.0
moving,19,11880857742750,5.240869998931885,11880861310635,0.05564936622977257,0.0
moving,20,11880877823169,5.240869998931885,11880881383693,-0.0037316177040338516,0.0
moving,21,11880897731167,5.240969181060791,11880901299307,0.0651293471455574,0.0
moving,22,11880917826498,5.240869998931885,11880921597941,0.014531167224049568,0.0
moving,23,11880937746432,5.24082088470459,11880941260651,0.06016089767217636,0.0
moving,24,11880957766881,5.24082088470459,11880961339054,0.060985591262578964,0.0
moving,25,11880977736705,5.240969181060791,11880981225195,0.09440242499113083,0.0
moving,26,11880997759682,5.241068363189697,11881001305422,0.14698396623134613,0.0
moving,27,11881017813828,5.241018772125244,11881021376656,0.05660739541053772,0.0
moving,28,11881037739650,5.240869998931885,11881041306735,0.0436057522892952,0.0
moving,29,11881057766339,5.240869998931885,11881061338480,-0.03276296705007553,0.0
moving,30,11881077734435,5.240722179412842,11881081244494,0.03545321524143219,0.0
moving,31,11881097745124,5.240969181060791,11881101308656,-0.04757286608219147,0.0
moving,32,11881117664642,5.240771293640137,11881121212942,-0.042535021901130676,0.0
moving,33,11881137740293,5.240722179412842,11881141270704,-0.028101272881031036,0.0
moving,34,11881157783462,5.24082088470459,11881161349939,0.01498278696089983,0.0
moving,35,11881177741093,5.240869998931885,11881181253776,-0.03767803683876991,0.0
moving,36,11881197738630,5.240869998931885,11881201149070,0.04972461611032486,0.0
moving,37,11881217637603,5.240869998931885,11881221217840,0.01027054525911808,0.0
moving,38,11881237789960,5.240771293640137,11881241286259,0.02936515025794506,0.0
moving,39,11881257782856,5.240969181060791,11881261376118,-0.06790275126695633,0.0
moving,40,11881277741192,5.241018772125244,11881281265363,-0.03940660506486893,0.0
moving,41,11881297754633,5.241018772125244,11881301329077,0.010310930199921131,0.0
moving,42,11881317669414,5.240869998931885,11881321233683,-0.011911751702427864,0.0
moving,43,11881337750985,5.240771293640137,11881341316214,0.015205809846520424,0.0
moving,44,11881357793995,5.240771293640137,11881361359416,0.11297868937253952,0.0
moving,45,11881377761707,5.240920066833496,11881381294038,-0.032997626811265945,0.0
moving,46,11881397752971,5.240869998931885,11881401327223,-0.07432675361633301,0.0
moving,47,11881417659400,5.240869998931885,11881421236053,-0.016916943714022636,0.0
moving,48,11881437755756,5.240920066833496,11881441307160,0.06644579023122787,0.0
moving,49,11881457821998,5.240722179412842,11881461372282,-0.024819403886795044,0.0
moving,50,11881477749836,5.240969181060791,11881481268151,0.015269475057721138,0.0
moving,51,11881497757933,5.24082088470459,11881501355163,-0.07737124711275101,0.0
moving,52,11881517658763,5.240771293640137,11881521231703,0.060772042721509933,0.0
moving,53,11881537756046,5.24082088470459,11881541289786,0.06039119139313698,0.0
moving,54,11881557794704,5.240969181060791,11881561365372,-0.011436522006988525,0.0
moving,55,11881577775791,5.2406721115112305,11881581269242,-0.05601530522108078,0.0
moving,56,11881597760431,5.240771293640137,11881601338332,-0.1308295577764511,0.0
moving,57,11881617660877,5.240920066833496,11881621227353,-0.0785595029592514,0.0
moving,58,11881637754064,5.2406721115112305,11881641300924,-0.04023740068078041,0.0
moving,59,11881657808306,5.24082088470459,11881661361278,-0.04479449242353439,0.0
moving,60,11881677763473,5.240869998931885,11881681247771,0.016152558848261833,0.0
moving,61,11881697982712,5.241018772125244,11881701698602,-0.009350809268653393,0.0
moving,62,11881717858581,5.240771293640137,11881721619880,-0.010993750765919685,0.0
moving,63,11881737959833,5.24082088470459,11881741650409,0.010008554905653,0.0
moving,64,11881758008315,5.24082088470459,11881761722444,0.025262538343667984,0.0
moving,65,11881777963162,5.24082088470459,11881781628905,0.016692696139216423,0.0
moving,66,11881797961658,5.24082088470459,11881801695340,-0.016059229150414467,0.0
moving,67,11881817854455,5.240920066833496,11881821389635,0.004253167659044266,0.0
moving,68,11881837962523,5.240869998931885,11881841484998,0.008194873109459877,0.0
moving,69,11881857993276,5.240920066833496,11881861556169,-0.05383811891078949,0.0
moving,70,11881877959708,5.240969181060791,11881881432806,0.056762777268886566,0.0
moving,71,11881897969437,5.240920066833496,11881901494184,-0.0026569953188300133,0.0
moving,72,11881917937820,5.24082088470459,11881921390021,0.008501382544636726,0.0
moving,73,11881937973566,5.240771293640137,11881941460136,-0.07633157819509506,0.0
moving,74,11881957989087,5.240969181060791,11881961549291,-0.03778765723109245,0.0
moving,75,11881977884988,5.240869998931885,11881981419975,0.018986649811267853,0.0
moving,76,11881997971807,5.240969181060791,11882001491882,-0.028044704347848892,0.0
moving,77,11882017848572,5.240969181060791,11882021380903,-0.031470950692892075,0.0
moving,78,11882037992256,5.24082088470459,11882041454954,-0.03747003152966499,0.0
moving,79,11882057990721,5.240920066833496,11882061522636,0.02210148610174656,0.0
moving,80,11882077888350,5.240920066833496,11882081423850,-0.07679355144500732,0.0
moving,81,11882097975201,5.2406721115112305,11882101506733,-0.008254026062786579,0.0
moving,82,11882117660184,5.240920066833496,11882121240421,0.012856284156441689,0.0
moving,83,11882137972610,5.240920066833496,11882141478957,-0.04916854202747345,0.0
moving,84,11882157829598,5.240869998931885,11882161381642,-0.022339798510074615,0.0
moving,85,11882177770205,5.240969181060791,11882181288424,0.05647795647382736,0.0
moving,86,11882197784510,5.240920066833496,11882201355658,-0.0409858264029026,0.0
moving,87,11882217685659,5.240969181060791,11882221451790,0.005340740084648132,0.0
moving,88,11882237979525,5.240920066833496,11882241702358,-0.03336869180202484,0.0
moving,89,11882257651259,5.240969181060791,11882261230888,-0.06391093134880066,0.0
moving,90,11882277820161,5.2406229972839355,11882281298731,-0.01458775158971548,0.0
moving,91,11882297790848,5.240771293640137,11882301394062,0.08958812057971954,0.0
moving,92,11882317780224,5.240869998931885,11882321271691,0.03461167588829994,0.0
moving,93,11882337991623,5.24082088470459,11882341725113,-0.004457611590623856,0.0
moving,94,11882357684062,5.240920066833496,11882361254123,0.03140292689204216,0.0
moving,95,11882377777474,5.240869998931885,11882381349454,-0.08304846286773682,0.0
moving,96,11882397655166,5.240869998931885,11882401236459,-0.03919639438390732,0.0
moving,97,11882417774786,5.240771293640137,11882421327535,-0.061405692249536514,0.0
moving,98,11882438007434,5.240771293640137,11882441749980,0.006646417081356049,0.0
moving,99,11882457786660,5.240969181060791,11882461277870,0.06649859249591827,0.0
moving,100,11882477777444,5.240771293640137,11882481340688,-0.07366715371608734,0.0
moving,101,11882497700290,5.24082088470459,11882501256014,0.001480547827668488,0.0
moving,102,11882517781509,5.2406229972839355,11882521315152,0.030666906386613846,0.0
moving,103,11882537857352,5.240920066833496,11882541607290,0.035530295222997665,0.0
moving,104,11882557988812,5.240869998931885,11882561658876,-0.02559211477637291,0.0
moving,105,11882577991565,5.24082088470459,11882581721598,0.02527621015906334,0.0
moving,106,11882597881642,5.2406721115112305,11882601622460,0.024628914892673492,0.0
moving,107,11882618008142,5.240920066833496,11882621684286,-0.06312328577041626,0.0
moving,108,11882638008655,5.240920066833496,11882641554874,0.008766621351242065,0.0
moving,109,11882657905004,5.240969181060791,11882661466360,0.07566593587398529,0.0
moving,110,11882677987695,5.24111795425415,11882681522938,0.013527343049645424,0.0
moving,111,11882697878412,5.241018772125244,11882701425272,0.042446814477443695,0.0
moving,112,11882717990192,5.240722179412842,11882721503227,-0.05314316973090172,0.0
moving,113,11882737875405,5.235278606414795,11882741389784,-0.642778754234314,0.0
moving,114,11882757986929,5.22652006149292,11882761488027,0.12923933565616608,0.0
moving,115,11882777836109,5.226718425750732,11882781372248,-0.033643558621406555,0.0
moving,116,11882797930928,5.226767539978027,11882801441851,0.0571582205593586,0.0
moving,117,11882817999986,5.227064609527588,11882821518813,0.04528846591711044,0.0
moving,118,11882837878735,5.226866722106934,11882841414267,-0.04170370101928711,0.0
moving,119,11882857992947,5.226371765136719,11882861481149,-0.14397338032722473,0.0
moving,120,11882877844495,5.224046230316162,11882881397499,-0.26032763719558716,0.0
moving,121,11882897897809,5.216376304626465,11882901467742,-0.7359732389450073,0.0
moving,122,11882918000373,5.195593357086182,11882921519680,-1.5195261240005493,0.0
moving,123,11882937867665,5.164022922515869,11882941407037,-1.6304717063903809,0.0
moving,124,11882958026262,5.126316547393799,11882961471295,-2.256549596786499,0.0
moving,125,11882978003030,5.074903964996338,11882981546978,-3.149261951446533,0.0
moving,126,11882997892883,5.008645534515381,11883001486753,-3.762749195098877,0.0
moving,127,11883018006807,4.925909519195557,11883021509442,-4.703739166259766,0.0
moving,128,11883037867155,4.8251118659973145,11883041408159,-5.45451545715332,0.0
moving,129,11883058011608,4.711300849914551,11883061467361,-5.734853267669678,0.0
moving,130,11883077844788,4.600606441497803,11883081361311,-5.298068046569824,0.0
moving,131,11883097681647,4.49674129486084,11883101256348,-4.9220123291015625,0.0
moving,132,11883117802067,4.403465270996094,11883121320670,-4.08561897277832,0.0
moving,133,11883137646511,4.329537391662598,11883141209595,-3.053631544113159,0.0
moving,134,11883157716434,4.274313926696777,11883161285438,-2.5275802612304688,0.0
moving,135,11883178008027,4.232946395874023,11883181530886,-1.4601500034332275,0.0
moving,136,11883197904920,4.206670761108398,11883201420899,-0.913669228553772,0.0
moving,137,11883217807478,4.191281318664551,11883221343553,-0.6777338981628418,0.0
moving,138,11883237650993,4.173615455627441,11883241220670,-1.102239727973938,0.0
moving,139,11883257715700,4.149913787841797,11883261294049,-1.376422643661499,0.0
moving,140,11883277806167,4.121015548706055,11883281363171,-1.5488470792770386,0.0
moving,141,11883297671315,4.089098930358887,11883301252672,-1.2630606889724731,0.0
moving,142,11883317841433,4.070146560668945,11883321326019,-0.4769342839717865,0.0
moving,143,11883337666484,4.0671281814575195,11883341240321,0.11831826716661453,0.0
moving,144,11883357723478,4.071185111999512,11883361293443,0.45513471961021423,0.0
moving,145,11883377616019,4.0860795974731445,11883381191584,1.5588538646697998,0.0
moving,146,11883397684918,4.123093605041504,11883401249186,2.3655803203582764,0.0
moving,147,11883417842267,4.177376747131348,11883421365318,3.053163528442383,0.0
moving,148,11883437869821,4.245465278625488,11883441618543,3.9537649154663086,0.0
moving,149,11883457811163,4.323846817016602,11883461324262,4.101373195648193,0.0
moving,150,11883477628854,4.407127380371094,11883481206435,4.244380474090576,0.0
moving,151,11883497711833,4.492188453674316,11883501280038,4.518709659576416,0.0
moving,152,11883517810973,4.585810661315918,11883521348616,4.965041160583496,0.0
moving,153,11883537913472,4.688785552978516,11883541418187,5.396422386169434,0.0
moving,154,11883558041221,4.801211833953857,11883561711668,5.956161975860596,0.0
moving,155,11883577643033,4.92046594619751,11883581222630,5.886067867279053,0.0
moving,156,11883597709883,5.04125452041626,11883601288008,6.217558860778809,0.0
moving,157,11883617825279,5.162043571472168,11883621345386,5.822009086608887,0.0
moving,158,11883637690684,5.27615213394165,11883641250600,5.3862714767456055,0.0
moving,159,11883658042471,5.376701831817627,11883661686390,4.613493919372559,0.0
moving,160,11883677857858,5.4639410972595215,11883681621012,3.9935855865478516,0.0
moving,161,11883697918948,5.541233539581299,11883701658294,3.907060146331787,0.0
moving,162,11883717821633,5.6198625564575195,11883721356653,4.056277751922607,0.0
moving,163,11883737899492,5.700619697570801,11883741431088,4.096584796905518,0.0
moving,164,11883758029641,5.779841899871826,11883761509299,3.8692052364349365,0.0
moving,165,11883777663358,5.855452537536621,11883781226186,3.518463134765625,0.0
moving,166,11883797732289,5.920126914978027,11883801321294,2.461371898651123,0.0
moving,167,11883817633182,5.966938018798828,11883821208811,1.8744350671768188,0.0
moving,168,11883837739522,6.005683422088623,11883841280749,1.7052087783813477,0.0
moving,169,11883857822885,6.0423502922058105,11883861351984,1.8096460103988647,0.0
moving,170,11883877710722,6.076939582824707,11883881251694,1.9631294012069702,0.0
moving,171,11883897831334,6.114546775817871,11883901330608,2.1378345489501953,0.0
moving,172,11883917651521,6.1573991775512695,11883921241070,2.523411273956299,0.0
moving,173,11883937714371,6.210444927215576,11883941148396,2.8623061180114746,0.0
moving,174,11883957630561,6.2731404304504395,11883961205070,3.5459837913513184,0.0
moving,175,11883977701188,6.345930576324463,11883981272528,3.9559788703918457,0.0
moving,176,11883998058255,6.424361705780029,11884001730303,3.981078863143921,0.0
moving,177,11884017685348,6.503138542175293,11884021260273,3.755887985229492,0.0
moving,178,11884037740774,6.5771164894104,11884041325043,3.29543399810791,0.0
moving,179,11884057648708,6.638772010803223,11884061230897,2.7799057960510254,0.0
moving,180,11884077716135,6.688453197479248,11884081302964,2.2664594650268555,0.0
moving,181,11884097835691,6.730761528015137,11884101575548,2.023942470550537,0.0
moving,182,11884117922254,6.76668643951416,11884121661951,1.629736065864563,0.0
moving,183,11884138038034,6.792120933532715,11884141747779,0.6111820936203003,0.0
moving,184,11884157891438,6.800780773162842,11884161424761,0.10629691183567047,0.0
moving,185,11884178043443,6.8044915199279785,11884181492124,0.33517593145370483,0.0
moving,186,11884197869070,6.811913967132568,11884201407098,0.25433769822120667,0.0
moving,187,11884217729866,6.813101768493652,11884221302935,-0.06648922711610794,0.0
moving,188,11884237623911,6.812952995300293,11884241190932,0.006096718832850456,0.0
moving,189,11884257707274,6.81235933303833,11884261286519,-0.04540596157312393,0.0
moving,190,11884277825486,6.812309741973877,11884281331609,0.05460090935230255,0.0
moving,191,11884297671114,6.811023712158203,11884301292856,0.0028179804794490337,0.0
moving,192,11884317737453,6.809539318084717,11884321317242,-0.0815802812576294,0.0
moving,193,11884337651691,6.808747291564941,11884341203223,-0.07890532165765762,0.0
moving,194,11884357727245,6.80676794052124,11884361276121,-0.07320287823677063,0.0
moving,195,11884377837393,6.802314281463623,11884381359836,-0.6201732754707336,0.0
moving,196,11884397668812,6.778067588806152,11884401248217,-2.260392189025879,0.0
moving,197,11884417742767,6.724724769592285,11884421311100,-3.4123716354370117,0.0
moving,198,11884437920053,6.648520469665527,11884441580356,-4.268179893493652,0.0
moving,199,11884457934518,6.551928997039795,11884461471938,-5.569335460662842,0.0
moving,200,11884477837875,6.435099124908447,11884481353726,-6.18607234954834,0.0
moving,201,11884497689903,6.309411525726318,11884501248700,-6.3509039878845215,0.0
moving,202,11884517743473,6.179666519165039,11884521333183,-6.576717853546143,0.0
moving,203,11884537878166,6.051455497741699,11884541595815,-6.243991851806641,0.0
moving,204,11884557734706,5.929974555969238,11884561322143,-5.536571025848389,0.0
moving,205,11884577660464,5.825515270233154,11884581211484,-4.863214015960693,0.0
moving,206,11884597719475,5.733229160308838,11884601313600,-4.261508464813232,0.0
moving,207,11884617853047,5.651679992675781,11884621352674,-3.899385929107666,0.0
moving,208,11884637690131,5.577851295471191,11884641255231,-3.5152740478515625,0.0
moving,209,11884657759413,5.511048793792725,11884661325218,-2.69696307182312,0.0
moving,210,11884677868633,5.462802886962891,11884681610635,-1.6974965333938599,0.0
moving,211,11884697950012,5.430638790130615,11884701672909,-1.5382401943206787,0.0
moving,212,11884718059424,5.40268087387085,11884721761488,-1.5976487398147583,0.0
moving,213,11884737907003,5.3664093017578125,11884741443271,-2.1829328536987305,0.0
moving,214,11884757846714,5.316728115081787,11884761337444,-2.7326600551605225,0.0
moving,215,11884777686998,5.260069847106934,11884781248226,-2.9625027179718018,0.0
moving,216,11884797754264,5.198859214782715,11884801323237,-3.2576839923858643,0.0
moving,217,11884817649973,5.131462574005127,11884821222626,-3.5256361961364746,0.0
moving,218,11884837723352,5.058722496032715,11884841316325,-3.719719171524048,0.0
moving,219,11884857856637,4.978757858276367,11884861358343,-4.1896071434021,0.0
moving,220,11884877714105,4.887312889099121,11884881258533,-5.085494518280029,0.0
moving,221,11884897934656,4.782902717590332,11884901504173,-5.4205851554870605,0.0
moving,222,11884917890047,4.679284572601318,11884921595568,-4.7201433181762695,0.0
moving,223,11884937923265,4.586157321929932,11884941468492,-4.528550624847412,0.0
moving,224,11884957854911,4.49857234954834,11884961383530,-3.981621503829956,0.0
moving,225,11884977685882,4.4245452880859375,11884981287336,-3.318523406982422,0.0
moving,226,11884997759933,4.362591743469238,11885001339658,-2.7194771766662598,0.0
moving,227,11885017691099,4.309991836547852,11885021240327,-2.358799695968628,0.0
moving,228,11885037764126,4.264863014221191,11885041321962,-2.2629754543304443,0.0
moving,229,11885057632442,4.225078582763672,11885061214439,-1.902249813079834,0.0
moving,230,11885077712893,4.188559532165527,11885081281418,-1.9963184595108032,0.0
moving,231,11885097781664,4.146449089050293,11885101343564,-2.347423553466797,0.0
moving,232,11885117674173,4.098846435546875,11885121250378,-2.5947072505950928,0.0
moving,233,11885137745504,4.050798416137695,11885141315116,-2.331735610961914,0.0
moving,234,11885157665790,4.005125045776367,11885161215018,-2.3040857315063477,0.0
moving,235,11885177715520,3.959352493286133,11885181312717,-2.2505924701690674,0.0
moving,236,11885197779522,3.915559768676758,11885201339759,-2.0104126930236816,0.0
moving,237,11885217676032,3.8800811767578125,11885221242732,-1.5267231464385986,0.0
moving,238,11885237740162,3.8537559509277344,11885241318287,-1.0535099506378174,0.0
moving,239,11885257866758,3.8363380432128906,11885261372241,-0.6847540140151978,0.0
moving,240,11885277711330,3.8224334716796875,11885281269870,-0.7380719780921936,0.0
moving,241,11885297764164,3.8087263107299805,11885301360849,-0.26847413182258606,0.0
moving,242,11885317677410,3.80704402923584,11885321242894,0.030494801700115204,0.0
moving,243,11885337740260,3.807093620300293,11885341297200,-0.043631412088871,0.0
moving,244,11885357873449,3.8072919845581055,11885361369523,-0.014879333786666393,0.0
moving,245,11885377702500,3.8084793090820312,11885381257840,0.15792839229106903,0.0
moving,246,11885397783431,3.8126354217529297,11885401329875,0.23387083411216736,0.0
moving,247,11885417657380,3.8166933059692383,11885421252945,0.319714218378067,0.0
moving,248,11885437723270,3.8243627548217773,11885441298451,0.6602916717529297,0.0
moving,249,11885457628900,3.840296745300293,11885461197232,0.7996148467063904,0.0
moving,250,11885477695078,3.855290412902832,11885481263923,0.4247515797615051,0.0
moving,251,11885497788969,3.8613767623901367,11885501354614,0.1132383793592453,0.0
moving,252,11885517668454,3.864988327026367,11885521246707,0.2637084424495697,0.0
moving,253,11885537748361,3.8748855590820312,11885541311990,0.8677207827568054,0.0
moving,254,11885557622598,3.896162986755371,11885561192658,1.2940659523010254,0.0
moving,255,11885577701513,3.924715042114258,11885581266901,1.734938383102417,0.0
moving,256,11885597767851,3.9607887268066406,11885601335032,2.0412333011627197,0.0
moving,257,11885617689641,4.000127792358398,11885621241109,2.197190046310425,0.0
moving,258,11885637730475,4.040555000305176,11885641311736,1.9243659973144531,0.0
moving,259,11885657640713,4.077371597290039,11885661205525,1.5536437034606934,0.0
moving,260,11885677705867,4.112998962402344,11885681280344,1.843963861465454,0.0
moving,261,11885697782190,4.151200294494629,11885701352634,2.1369683742523193,0.0
moving,262,11885717679915,4.196971893310547,11885721253880,2.650218963623047,0.0
moving,263,11885737785711,4.252145767211914,11885741325275,3.260432481765747,0.0
moving,264,11885757653003,4.317710876464844,11885761251033,3.6690597534179688,0.0
moving,265,11885777732526,4.392331123352051,11885781288154,3.969146728515625,0.0
moving,266,11885797628651,4.474275588989258,11885801210872,4.289461135864258,0.0
moving,267,11885817725807,4.563048362731934,11885821280283,4.656927108764648,0.0
moving,268,11885837789905,4.660184383392334,11885841356894,5.089524269104004,0.0
moving,269,11885857716496,4.767067909240723,11885861256475,5.865415573120117,0.0
moving,270,11885877751281,4.888698577880859,11885881345982,6.373208999633789,0.0
moving,271,11885897662319,5.016463756561279,11885901234203,6.343908309936523,0.0
moving,272,11885917767378,5.140567779541016,11885921299838,6.178679466247559,0.0
moving,273,11885937624911,5.257991313934326,11885941201435,5.408329963684082,0.0
moving,274,11885957692049,5.361510753631592,11885961257694,4.772826194763184,0.0
moving,275,11885977761268,5.45508337020874,11885981329856,4.137975692749023,0.0
moving,276,11885997657329,5.5347514152526855,11886001256062,4.064999103546143,0.0
moving,277,11886017735956,5.616596698760986,11886021337825,4.11558198928833,0.0
moving,278,11886037635953,5.698936939239502,11886041206238,4.144013404846191,0.0
moving,279,11886057713972,5.777763366699219,11886061282113,3.748054027557373,0.0
moving,280,11886077815960,5.850405216217041,11886081370724,3.3626935482025146,0.0
moving,281,11886097715669,5.918543338775635,11886101272705,3.268775463104248,0.0
moving,282,11886117774743,5.982030391693115,11886121362148,3.14286732673645,0.0
moving,283,11886137680341,6.03928279876709,11886141243681,2.6648736000061035,0.0
moving,284,11886157744695,6.093565940856934,11886161312132,2.827849864959717,0.0
moving,285,11886177647893,6.149630546569824,11886181217025,3.0646066665649414,0.0
moving,286,11886197746008,6.2131667137146,11886201284996,3.5404701232910156,0.0
moving,287,11886217619701,6.287045001983643,11886221201890,4.038844108581543,0.0
moving,288,11886237703832,6.37755012512207,11886241266660,5.085210800170898,0.0
moving,289,11886257769626,6.484038352966309,11886261332519,5.697755336761475,0.0
moving,290,11886277658936,6.602105140686035,11886281244325,6.037191390991211,0.0
moving,291,11886297746459,6.724575996398926,11886301320551,6.212650299072266,0.0
moving,292,11886317678745,6.848482131958008,11886321226693,6.087110996246338,0.0
moving,293,11886337727739,6.966401100158691,11886341320712,5.258762836456299,0.0
moving,294,11886357622456,7.061853885650635,11886361200165,3.5214972496032715,0.0
moving,295,11886377692699,7.119353771209717,11886381264264,1.7957732677459717,0.0
moving,296,11886397769758,7.145480632781982,11886401338218,0.5351526737213135,0.0
moving,297,11886417669947,7.155179023742676,11886421246344,0.5000185370445251,0.0
moving,298,11886437770815,7.167550086975098,11886441313930,1.0884705781936646,0.0
moving,299,11886457632091,7.187838554382324,11886461209192,1.0077544450759888,0.0
moving,300,11886477709374,7.209313869476318,11886481269994,0.9939300417900085,0.0
moving,301,11886497769536,7.225989818572998,11886501347181,0.5859918594360352,0.0
moving,302,11886517674782,7.236381530761719,11886521246410,0.5146036744117737,0.0
moving,303,11886537806114,7.246574878692627,11886541357838,0.44822052121162415,0.0
moving,304,11886557652414,7.2569169998168945,11886561228075,0.25426000356674194,0.0
moving,305,11886577728513,7.2574615478515625,11886581315854,-0.18537579476833344,0.0
moving,306,11886597628670,7.2550859451293945,11886601199499,-0.03093743696808815,0.0
moving,307,11886617698017,7.255333423614502,11886621271277,-0.026074102148413658,0.0
moving,308,11886637777699,7.254788875579834,11886641347184,-0.020168131217360497,0.0
moving,309,11886657697922,7.254096508026123,11886661254766,-0.045013975352048874,0.0
moving,310,11886677754820,7.250483989715576,11886681322512,-0.48378869891166687,0.0
moving,311,11886697657729,7.2349958419799805,11886701236622,-1.462986707687378,0.0
moving,312,11886717718500,7.195161819458008,11886721300081,-2.559082508087158,0.0
moving,313,11886737639106,7.137118339538574,11886741208334,-3.335426092147827,0.0
moving,314,11886757704324,7.06878137588501,11886761277649,-3.632551908493042,0.0
moving,315,11886777803496,6.995101451873779,11886781344755,-3.994432210922241,0.0
moving,316,11886797682148,6.9127116203308105,11886801269489,-4.4661970138549805,0.0
moving,317,11886817754727,6.818445682525635,11886821318995,-5.124671936035156,0.0
moving,318,11886837647012,6.7129974365234375,11886841226001,-5.427104949951172,0.0
moving,319,11886857728615,6.602055549621582,11886861293364,-5.5109052658081055,0.0
moving,320,11886877796298,6.4902729988098145,11886881358038,-5.7993950843811035,0.0
moving,321,11886897719592,6.374086380004883,11886901264052,-5.732364654541016,0.0
moving,322,11886917771530,6.258443832397461,11886921380728,-5.799988269805908,0.0
moving,323,11886937673703,6.144088268280029,11886941231924,-5.613156318664551,0.0
moving,324,11886957763146,6.030425548553467,11886961305622,-5.629580020904541,0.0
moving,325,11886977650216,5.920226097106934,11886981215188,-5.22904109954834,0.0
moving,326,11886997715658,5.815024375915527,11887001279862,-5.377279281616211,0.0
moving,327,11887017800141,5.702598571777344,11887021346521,-6.138248443603516,0.0
moving,328,11887037679946,5.575476169586182,11887041285240,-6.708251953125,0.0
moving,329,11887057757069,5.4471659660339355,11887061359674,-5.777322769165039,0.0
moving,330,11887077656394,5.339737892150879,11887081223351,-4.9262285232543945,0.0
moving,331,11887097733101,5.24586820602417,11887101307034,-4.612892150878906,0.0
moving,332,11887117660939,5.158431529998779,11887121207895,-4.4977569580078125,0.0
moving,333,11887137705933,5.071192264556885,11887141278618,-4.387171745300293,0.0
moving,334,11887157777296,4.981775760650635,11887161365245,-4.569031238555908,0.0
moving,335,11887177695854,4.8833537101745605,11887181262202,-5.423583030700684,0.0
moving,336,11887197756464,4.773253917694092,11887201333565,-5.617583751678467,0.0
moving,337,11887217656237,4.664736747741699,11887221218586,-4.9654436111450195,0.0
moving,338,11887237741072,4.569432258605957,11887241284028,-4.423013210296631,0.0
moving,339,11887257793842,4.484419822692871,11887261361343,-3.7570316791534424,0.0
moving,340,11887277695216,4.413708686828613,11887281254908,-3.256412982940674,0.0
moving,341,11887297751186,4.354625701904297,11887301321375,-2.706742286682129,0.0
moving,342,11887317679696,4.304450035095215,11887321248285,-2.2430708408355713,0.0
moving,343,11887337735315,4.258430480957031,11887341306399,-2.4283499717712402,0.0
moving,344,11887357818294,4.208253860473633,11887361366401,-2.7131378650665283,0.0
moving,345,11887377701298,4.152338027954102,11887381270015,-2.9724206924438477,0.0
moving,346,11887397753588,4.091670989990234,11887401329761,-2.823742389678955,0.0
moving,347,11887417659474,4.03194522857666,11887421226623,-3.1059393882751465,0.0
moving,348,11887437726645,3.971822738647461,11887441301185,-2.7344226837158203,0.0
moving,349,11887457809592,3.916006088256836,11887461386116,-2.762913703918457,0.0
moving,350,11887477754422,3.8705806732177734,11887481286850,-1.5827158689498901,0.0
moving,351,11887497780664,3.8453445434570312,11887501381061,-0.32905158400535583,0.0
moving,352,11887517686773,3.8447999954223633,11887521267522,0.11067383736371994,0.0
moving,353,11887537803769,3.8511829376220703,11887541330821,0.5622304677963257,0.0
moving,354,11887557668566,3.866374969482422,11887561244802,1.3088915348052979,0.0
moving,355,11887577751673,3.9007654190063477,11887581358022,2.2283213138580322,0.0
moving,356,11887597659222,3.9519805908203125,11887601223107,3.1854753494262695,0.0
moving,357,11887617714552,4.020464897155762,11887621317798,3.5369606018066406,0.0
moving,358,11887637790043,4.097658157348633,11887641354216,4.1979780197143555,0.0
moving,359,11887657700313,4.181830406188965,11887661259333,4.230039119720459,0.0
moving,360,11887677762843,4.26793098449707,11887681333384,4.3091936111450195,0.0
moving,361,11887697690394,4.357296943664551,11887701237317,4.676697731018066,0.0
moving,362,11887717737819,4.452552795410156,11887721325449,5.012852668762207,0.0
moving,363,11887737641625,4.5553789138793945,11887741232038,5.508909702301025,0.0
moving,364,11887757701883,4.668002605438232,11887761285416,5.838487148284912,0.0
moving,365,11887777778558,4.787900924682617,11887781348235,6.458685874938965,0.0
moving,366,11887797695228,4.9171013832092285,11887801255464,6.425040245056152,0.0
moving,367,11887817794016,5.044966220855713,11887821327755,6.184144973754883,0.0
moving,368,11887837663900,5.165359020233154,11887841239049,5.651012897491455,0.0
moving,369,11887857730559,5.273578643798828,11887861304363,4.98288631439209,0.0
moving,370,11887877797761,5.369626045227051,11887881378094,4.424948692321777,0.0
moving,371,11887897706783,5.455677032470703,11887901278507,4.092478275299072,0.0
moving,372,11887917793538,5.537571907043457,11887921347438,4.522251605987549,0.0
moving,373,11887937706208,5.633569240570068,11887941256844,5.2493815422058105,0.0
moving,374,11887957753122,5.740453243255615,11887961337967,5.380407810211182,0.0
moving,375,11887977669535,5.84842586517334,11887981238060,5.230368614196777,0.0
moving,376,11887997771555,5.952390193939209,11888001322639,5.063270568847656,0.0
moving,377,11888017658752,6.050812244415283,11888021226669,4.565988063812256,0.0
moving,378,11888037720866,6.143049240112305,11888041286703,4.362187385559082,0.0
moving,379,11888057640736,6.229397296905518,11888061201293,4.304934978485107,0.0
moving,380,11888077698595,6.31436014175415,11888081284688,4.326696872711182,0.0
moving,381,11888097773285,6.4001145362854,11888101366291,4.275284767150879,0.0
moving,382,11888117677827,6.4852752685546875,11888121236239,4.3471479415893555,0.0
moving,383,11888137737189,6.572414875030518,11888141312850,4.3180952072143555,0.0
moving,384,11888157824168,6.656338691711426,11888161389365,4.090591907501221,0.0
moving,385,11888177717350,6.7331862449646,11888181296627,3.428900957107544,0.0
moving,386,11888197800521,6.799098014831543,11888201383510,2.9871644973754883,0.0
moving,387,11888217706406,6.852540016174316,11888221266995,2.1565639972686768,0.0
moving,388,11888237780937,6.893610954284668,11888241340533,1.7781362533569336,0.0
moving,389,11888257676934,6.928199768066406,11888261265331,1.7294155359268188,0.0
moving,390,11888277785994,6.9569993019104,11888281324214,1.0472795963287354,0.0
moving,391,11888297661767,6.976099491119385,11888301229843,0.5243083238601685,0.0
moving,392,11888317751690,6.977980136871338,11888321337367,-0.27633464336395264,0.0
moving,393,11888337642631,6.97506046295166,11888341214772,-0.047608911991119385,0.0
moving,394,11888357706954,6.974714279174805,11888361119089,-0.08481442183256149,0.0
moving,395,11888377635528,6.973031520843506,11888381203348,-0.029188502579927444,0.0
moving,396,11888397719115,6.971002578735352,11888401259767,-0.0075141144916415215,0.0
moving,397,11888417779149,6.969666957855225,11888421345242,-0.12467736005783081,0.0
moving,398,11888437678187,6.966252326965332,11888441556929,-0.4419231116771698,0.0
moving,399,11888457743021,6.94883394241333,11888461143252,-1.5832600593566895,0.0
released,0,11896780126846,5.152592182159424,11896783782509,-0.049043089151382446,0.0
released,1,11896799935608,5.152543067932129,11896803703115,-0.07708320766687393,0.0
released,2,11896820138079,5.152443885803223,11896823935571,-0.15066492557525635,0.0
released,3,11896839858391,5.152493476867676,11896843506246,-0.037811603397130966,0.0
released,4,11896859758868,5.152543067932129,11896863333505,0.022884951904416084,0.0
released,5,11896880000092,5.152543067932129,11896883568873,-0.12653297185897827,0.0
released,6,11896899923930,5.152592182159424,11896903466630,0.06544618308544159,0.0
released,7,11896919955836,5.152592182159424,11896923640300,0.10865095257759094,0.0
released,8,11896939877466,5.152592182159424,11896943434342,0.03164798021316528,0.0
released,9,11896959931740,5.152543067932129,11896963696271,0.026927847415208817,0.0
released,10,11896979820313,5.152493476867676,11896983427431,-0.02488502487540245,0.0
released,11,11896999886140,5.152443885803223,11897003466921,0.0005733761936426163,0.0
released,12,11897019943998,5.152592182159424,11897023519659,-0.03964901342988014,0.0
released,13,11897040040801,5.152543067932129,11897043600590,-0.04208502173423767,0.0
released,14,11897059917854,5.152641773223877,11897063479723,0.057647477835416794,0.0
released,15,11897079810491,5.152592182159424,11897083445162,-0.011755343526601791,0.0
released,16,11897099863134,5.152543067932129,11897103612560,-0.0381845124065876,0.0
released,17,11897119924576,5.152592182159424,11897123494125,0.034459032118320465,0.0
released,18,11897139833502,5.152543067932129,11897143397482,0.038931410759687424,0.0
released,19,11897159907264,5.15269136428833,11897163454028,0.005518302321434021,0.0
released,20,11897180041765,5.152592182159424,11897183698644,-0.03012673184275627,0.0
released,21,11897199870368,5.152443885803223,11897203475310,0.037277139723300934,0.0
released,22,11897219924290,5.152543067932129,11897223488751,0.011895044706761837,0.0
released,23,11897239814400,5.1523942947387695,11897243382316,-0.031615372747182846,0.0
released,24,11897259885314,5.152493476867676,11897263454319,-0.009929690510034561,0.0
released,25,11897280038407,5.152641773223877,11897283721815,0.019080720841884613,0.0
released,26,11897300243758,5.15269136428833,11897303977728,0.14504587650299072,0.0
released,27,11897319921989,5.152592182159424,11897323655446,0.031361959874629974,0.0
released,28,11897339819682,5.152592182159424,11897343392143,-0.004384656436741352,0.0
released,29,11897359879844,5.152592182159424,11897363464594,0.021839264780282974,0.0
released,30,11897379960871,5.152592182159424,11897383532340,0.03923175856471062,0.0
released,31,11897399926663,5.152740955352783,11897403433426,-0.03580080717802048,0.0
released,32,11897419962952,5.152641773223877,11897423674009,0.03289851173758507,0.0
released,33,11897439843653,5.152641773223877,11897443512565,-0.09379637986421585,0.0
released,34,11897460083885,5.152543067932129,11897463845728,0.008491640910506248,0.0
released,35,11897479805029,5.152493476867676,11897483382770,0.001221356214955449,0.0
released,36,11897499874600,5.152543067932129,11897503440500,0.011591424234211445,0.0
released,37,11897519959691,5.152543067932129,11897523510679,0.027164723724126816,0.0
released,38,11897539843368,5.152493476867676,11897543657596,0.021828170865774155,0.0
released,39,11897560163410,5.152740955352783,11897563849922,-0.028472984209656715,0.0
released,40,11897580079632,5.152592182159424,11897583928965,0.030137108638882637,0.0
released,41,11897599889003,5.152641773223877,11897603441207,-0.05384083837270737,0.0
released,42,11897619980910,5.152543067932129,11897623512569,0.03848421573638916,0.0
released,43,11897639867339,5.152592182159424,11897643417175,0.04607638716697693,0.0
released,44,11897659936206,5.152493476867676,11897663511514,0.013041846454143524,0.0
released,45,11897680358011,5.1523942947387695,11897683879654,-0.06504619866609573,0.0
released,46,11897699860876,5.152543067932129,11897703429145,0.07326553016901016,0.0
released,47,11897719765450,5.152592182159424,11897723321206,0.016702920198440552,0.0
released,48,11897739823212,5.152592182159424,11897743390937,-0.015957465395331383,0.0
released,49,11897759714217,5.15269136428833,11897763285142,-0.011490408331155777,0.0
released,50,11897779777804,5.152493476867676,11897783377401,-0.05561501160264015,0.0
released,51,11897799853135,5.1523942947387695,11897803417275,0.06722402572631836,0.0
released,52,11897819963954,5.15269136428833,11897823769030,0.04595947265625,0.0
released,53,11897840047381,5.152592182159424,11897843552832,-0.042196571826934814,0.0
released,54,11897859901777,5.152592182159424,11897863441853,0.04497828334569931,0.0
released,55,11897879768494,5.152592182159424,11897883340379,0.03517508879303932,0.0
released,56,11897899839889,5.152641773223877,11897903425598,0.01825621724128723,0.0
released,57,11897919739406,5.152592182159424,11897923310619,-0.06924121826887131,0.0
released,58,11897939809265,5.152592182159424,11897943373405,-0.06663162261247635,0.0
released,59,11897959718766,5.152592182159424,11897963286235,0.00737735815346241,0.0
released,60,11897979801649,5.152592182159424,11897983352381,-0.031040119007229805,0.0
released,61,11898000093499,5.1523942947387695,11898003806572,0.031880177557468414,0.0
released,62,11898019963767,5.152592182159424,11898023780491,0.03834845870733261,0.0
released,63,11898040061179,5.152592182159424,11898043768108,0.021434295922517776,0.0
released,64,11898059922167,5.152543067932129,11898063467555,0.022071432322263718,0.0
released,65,11898079794644,5.152493476867676,11898083373281,-0.07632823288440704,0.0
released,66,11898099892343,5.152493476867676,11898103441411,0.02228039875626564,0.0
released,67,11898119765236,5.152543067932129,11898123339169,0.000356404110789299,0.0
released,68,11898139826966,5.152592182159424,11898143403843,0.04016134515404701,0.0
released,69,11898159732980,5.152493476867676,11898163296544,0.038812845945358276,0.0
released,70,11898179788150,5.152493476867676,11898183379875,-0.005234248470515013,0.0
released,71,11898199871321,5.152592182159424,11898203440006,-0.1309192031621933,0.0
released,72,11898219786615,5.152592182159424,11898223340387,-0.027725093066692352,0.0
released,73,11898239829849,5.152641773223877,11898243431718,-0.018501153215765953,0.0
released,74,11898259728502,5.152641773223877,11898263307427,0.02259925566613674,0.0
released,75,11898279801881,5.152592182159424,11898283374310,0.004802145063877106,0.0
released,76,11898299879900,5.152493476867676,11898303448264,0.08171416819095612,0.0
released,77,11898319784985,5.1523942947387695,11898323354822,0.036658432334661484,0.0
released,78,11898339866620,5.152493476867676,11898343408680,0.016191570088267326,0.0
released,79,11898359735705,5.152740955352783,11898363329318,-0.03242718428373337,0.0
released,80,11898379799931,5.152493476867676,11898383375240,0.058631666004657745,0.0
released,81,11898399871838,5.152443885803223,11898403436938,-0.06081523001194,0.0
released,82,11898419763035,5.152493476867676,11898423334440,0.002212305786088109,0.0
released,83,11898439834750,5.152543067932129,11898443400522,0.011196563951671124,0.0
released,84,11898459723611,5.152493476867676,11898463307848,0.06887015700340271,0.0
released,85,11898479795006,5.152592182159424,11898483386667,-0.03747445344924927,0.0
released,86,11898499856256,5.152641773223877,11898503433357,0.04559563472867012,0.0
released,87,11898519741405,5.152443885803223,11898523323818,-0.028488777577877045,0.0
released,88,11898539824192,5.152641773223877,11898543416845,-0.008860206231474876,0.0
released,89,11898559743646,5.15269136428833,11898563295754,0.012523524463176727,0.0
released,90,11898579797856,5.152592182159424,11898583363405,-0.021873418241739273,0.0
released,91,11898599863203,5.152443885803223,11898603449424,0.0032189656049013138,0.0
released,92,11898619759456,5.152740955352783,11898623327405,-0.06239718943834305,0.0
released,93,11898639825795,5.152592182159424,11898643397935,0.012201747857034206,0.0
released,94,11898659738592,5.15269136428833,11898663304237,0.03909759223461151,0.0
released,95,11898679827332,5.152543067932129,11898683370607,-0.07380812615156174,0.0
released,96,11898699869989,5.1523942947387695,11898703441586,0.0008034510537981987,0.0
released,97,11898719764675,5.152592182159424,11898723329583,0.025306029245257378,0.0
released,98,11898739833413,5.152543067932129,11898743408402,0.0628836452960968,0.0
released,99,11898759732195,5.152740955352783,11898763301903,-0.036418791860342026,0.0
released,100,11898779796613,5.152592182159424,11898783374418,0.009888705797493458,0.0
released,101,11898799890248,5.15269136428833,11898803435412,0.02137811668217182,0.0
released,102,11898819754245,5.152740955352783,11898823352786,0.0050963363610208035,0.0
released,103,11898839811783,5.152592182159424,11898843390676,0.003799048950895667,0.0
released,104,11898859881962,5.152592182159424,11898863454006,0.03624692186713219,0.0
released,105,11898879775783,5.152493476867676,11898883348308,0.06618930399417877,0.0
released,106,11898899841001,5.152493476867676,11898903406070,0.04870174825191498,0.0
released,107,11898919771112,5.152443885803223,11898923301843,0.05480876564979553,0.0
released,108,11898939796137,5.152493476867676,11898943409463,-0.05316823348402977,0.0
released,109,11898959872044,5.152641773223877,11898963430680,0.012381901033222675,0.0
released,110,11898979762441,5.152592182159424,11898983331158,-0.061485156416893005,0.0
released,111,11898999814091,5.152443885803223,11899003392248,0.008247052319347858,0.0
released,112,11899019931791,5.152592182159424,11899023489115,0.03925491124391556,0.0
released,113,11899039804972,5.152641773223877,11899043545182,0.0686500146985054,0.0
released,114,11899059876047,5.152493476867676,11899063465820,-0.045995451509952545,0.0
released,115,11899079774508,5.152543067932129,11899083337080,-0.008305562660098076,0.0
released,116,11899099833070,5.152493476867676,11899103403675,-0.021098915487527847,0.0
released,117,11899119902193,5.152592182159424,11899123457789,-0.011817063204944134,0.0
released,118,11899139801838,5.152493476867676,11899143354266,0.07660140097141266,0.0
released,119,11899159855472,5.152543067932129,11899163427325,0.019674202427268028,0.0
released,120,11899179748238,5.152543067932129,11899183336315,0.050909750163555145,0.0
released,121,11899199822416,5.152740955352783,11899203388253,-0.024041295051574707,0.0
released,122,11899219884435,5.152543067932129,11899223451007,-0.05345235392451286,0.0
released,123,11899239775024,5.152493476867676,11899243348925,0.02933565340936184,0.0
released,124,11899259866067,5.15269136428833,11899263425472,0.06497880816459656,0.0
released,125,11899279912501,5.1523942947387695,11899283476578,-0.011190000921487808,0.0
released,126,11899299801714,5.15269136428833,11899303386591,0.031833961606025696,0.0
released,127,11899319868405,5.15269136428833,11899323439297,0.04408644512295723,0.0
released,128,11899339766610,5.152641773223877,11899343339999,-0.10825702548027039,0.0
released,129,11899359838325,5.152641773223877,11899363401217,0.050106897950172424,0.0
released,130,11899379929784,5.152592182159424,11899383467716,0.04958101734519005,0.0
released,131,11899399789396,5.152592182159424,11899403365153,-0.04493626952171326,0.0
released,132,11899419860599,5.152641773223877,11899423426788,0.08414521813392639,0.0
released,133,11899439755028,5.152740955352783,11899443329409,-0.009328935295343399,0.0
released,134,11899459817815,5.152641773223877,11899463383587,0.031809356063604355,0.0
released,135,11899479880217,5.152493476867676,11899483449062,-0.06540880352258682,0.0
released,136,11899499803255,5.152443885803223,11899503348387,0.002662947401404381,0.0
released,137,11899519844153,5.152543067932129,11899523418278,0.016351018100976944,0.0
released,138,11899539741270,5.152543067932129,11899543310595,-0.06601206213235855,0.0
released,139,11899559813625,5.152641773223877,11899563379878,-0.00415860116481781,0.0
released,140,11899579878108,5.1523942947387695,11899583445960,-0.02054663747549057,0.0
released,141,11899599771353,5.152493476867676,11899603339397,-0.12215371429920197,0.0
released,142,11899619857852,5.15269136428833,11899623416264,0.025407757610082626,0.0
released,143,11899639908702,5.152493476867676,11899643501675,0.0336395800113678,0.0
released,144,11899659800251,5.15269136428833,11899663548493,0.028034880757331848,0.0
released,145,11899679865886,5.152641773223877,11899683440042,-0.027139879763126373,0.0
released,146,11899699763323,5.152543067932129,11899703333736,-0.011112084612250328,0.0
released,147,11899719824669,5.152592182159424,11899723392298,-0.05396241694688797,0.0
released,148,11899739916321,5.152641773223877,11899743466285,0.03767953813076019,0.0
released,149,11899759778173,5.152592182159424,11899763388491,-0.005208469927310944,0.0
